--
-- PostgreSQL database dump
--

-- Dumped from database version 13.1 (Debian 13.1-1.pgdg100+1)
-- Dumped by pg_dump version 13.1 (Debian 13.1-1.pgdg100+1)

SET statement_timeout = 0;
SET lock_timeout = 0;
SET idle_in_transaction_session_timeout = 0;
SET client_encoding = 'UTF8';
SET standard_conforming_strings = on;
SELECT pg_catalog.set_config('search_path', '', false);
SET check_function_bodies = false;
SET xmloption = content;
SET client_min_messages = warning;
SET row_security = off;

SET default_tablespace = '';

SET default_table_access_method = heap;

--
-- Name: at_conta; Type: TABLE; Schema: public; Owner: emdias
--

CREATE TABLE public.at_conta (
    id bigint NOT NULL,
    nome_conta character varying(100) NOT NULL,
    ch_id_conta numeric NOT NULL,
    tipo character varying(50)
);


ALTER TABLE public.at_conta OWNER TO emdias;

--
-- Name: at_conta_id_seq; Type: SEQUENCE; Schema: public; Owner: emdias
--

CREATE SEQUENCE public.at_conta_id_seq
    START WITH 1
    INCREMENT BY 1
    NO MINVALUE
    NO MAXVALUE
    CACHE 1;


ALTER TABLE public.at_conta_id_seq OWNER TO emdias;

--
-- Name: at_conta_id_seq; Type: SEQUENCE OWNED BY; Schema: public; Owner: emdias
--

ALTER SEQUENCE public.at_conta_id_seq OWNED BY public.at_conta.id;


--
-- Name: at_data; Type: TABLE; Schema: public; Owner: emdias
--

CREATE TABLE public.at_data (
    id bigint NOT NULL,
    cv_dt date NOT NULL,
    dia integer NOT NULL,
    mes integer NOT NULL,
    ano integer
);


ALTER TABLE public.at_data OWNER TO emdias;

--
-- Name: at_data_id_seq; Type: SEQUENCE; Schema: public; Owner: emdias
--

CREATE SEQUENCE public.at_data_id_seq
    START WITH 1
    INCREMENT BY 1
    NO MINVALUE
    NO MAXVALUE
    CACHE 1;


ALTER TABLE public.at_data_id_seq OWNER TO emdias;

--
-- Name: at_data_id_seq; Type: SEQUENCE OWNED BY; Schema: public; Owner: emdias
--

ALTER SEQUENCE public.at_data_id_seq OWNED BY public.at_data.id;


--
-- Name: at_fluxo_caixa_item; Type: TABLE; Schema: public; Owner: emdias
--

CREATE TABLE public.at_fluxo_caixa_item (
    cv_id_natureza numeric,
    descricao character varying(100) NOT NULL,
    id bigint NOT NULL,
    conta character varying(50)
);


ALTER TABLE public.at_fluxo_caixa_item OWNER TO emdias;

--
-- Name: at_fluxo_caixa_item_id_seq; Type: SEQUENCE; Schema: public; Owner: emdias
--

CREATE SEQUENCE public.at_fluxo_caixa_item_id_seq
    START WITH 1
    INCREMENT BY 1
    NO MINVALUE
    NO MAXVALUE
    CACHE 1;


ALTER TABLE public.at_fluxo_caixa_item_id_seq OWNER TO emdias;

--
-- Name: at_fluxo_caixa_item_id_seq; Type: SEQUENCE OWNED BY; Schema: public; Owner: emdias
--

ALTER SEQUENCE public.at_fluxo_caixa_item_id_seq OWNED BY public.at_fluxo_caixa_item.id;


--
-- Name: at_relatorio; Type: TABLE; Schema: public; Owner: emdias
--

CREATE TABLE public.at_relatorio (
    id bigint NOT NULL,
    nome_relatorio character varying(100) NOT NULL,
    cv_id_projeto numeric NOT NULL
);


ALTER TABLE public.at_relatorio OWNER TO emdias;

--
-- Name: at_relatorio_id_seq; Type: SEQUENCE; Schema: public; Owner: emdias
--

CREATE SEQUENCE public.at_relatorio_id_seq
    START WITH 1
    INCREMENT BY 1
    NO MINVALUE
    NO MAXVALUE
    CACHE 1;


ALTER TABLE public.at_relatorio_id_seq OWNER TO emdias;

--
-- Name: at_relatorio_id_seq; Type: SEQUENCE OWNED BY; Schema: public; Owner: emdias
--

ALTER SEQUENCE public.at_relatorio_id_seq OWNED BY public.at_relatorio.id;


--
-- Name: at_type_movim; Type: TABLE; Schema: public; Owner: emdias
--

CREATE TABLE public.at_type_movim (
    id bigint NOT NULL,
    descricao character varying(10) NOT NULL,
    cv_id bigint
);


ALTER TABLE public.at_type_movim OWNER TO emdias;

--
-- Name: at_type_movim_id_seq; Type: SEQUENCE; Schema: public; Owner: emdias
--

CREATE SEQUENCE public.at_type_movim_id_seq
    START WITH 1
    INCREMENT BY 1
    NO MINVALUE
    NO MAXVALUE
    CACHE 1;


ALTER TABLE public.at_type_movim_id_seq OWNER TO emdias;

--
-- Name: at_type_movim_id_seq; Type: SEQUENCE OWNED BY; Schema: public; Owner: emdias
--

ALTER SEQUENCE public.at_type_movim_id_seq OWNED BY public.at_type_movim.id;


--
-- Name: cu_fluxo_caixa_id_seq; Type: SEQUENCE; Schema: public; Owner: emdias
--

CREATE SEQUENCE public.cu_fluxo_caixa_id_seq
    START WITH 1
    INCREMENT BY 1
    NO MINVALUE
    NO MAXVALUE
    CACHE 1;


ALTER TABLE public.cu_fluxo_caixa_id_seq OWNER TO emdias;

--
-- Name: cu_fluxo_caixa; Type: TABLE; Schema: public; Owner: emdias
--

CREATE TABLE public.cu_fluxo_caixa (
    id bigint DEFAULT nextval('public.cu_fluxo_caixa_id_seq'::regclass) NOT NULL,
    id_item bigint NOT NULL,
    id_conta bigint,
    id_type bigint NOT NULL,
    id_relatorio bigint NOT NULL,
    valor numeric,
    id_data bigint NOT NULL
);


ALTER TABLE public.cu_fluxo_caixa OWNER TO emdias;

--
-- Name: databasechangelog; Type: TABLE; Schema: public; Owner: emdias
--

CREATE TABLE public.databasechangelog (
    id character varying(255) NOT NULL,
    author character varying(255) NOT NULL,
    filename character varying(255) NOT NULL,
    dateexecuted timestamp without time zone NOT NULL,
    orderexecuted integer NOT NULL,
    exectype character varying(10) NOT NULL,
    md5sum character varying(35),
    description character varying(255),
    comments character varying(255),
    tag character varying(255),
    liquibase character varying(20),
    contexts character varying(255),
    labels character varying(255),
    deployment_id character varying(10)
);


ALTER TABLE public.databasechangelog OWNER TO emdias;

--
-- Name: databasechangeloglock; Type: TABLE; Schema: public; Owner: emdias
--

CREATE TABLE public.databasechangeloglock (
    id integer NOT NULL,
    locked boolean NOT NULL,
    lockgranted timestamp without time zone,
    lockedby character varying(255)
);


ALTER TABLE public.databasechangeloglock OWNER TO emdias;

--
-- Name: sequence_generator; Type: SEQUENCE; Schema: public; Owner: emdias
--

CREATE SEQUENCE public.sequence_generator
    START WITH 1050
    INCREMENT BY 50
    NO MINVALUE
    NO MAXVALUE
    CACHE 1;


ALTER TABLE public.sequence_generator OWNER TO emdias;

--
-- Name: at_conta id; Type: DEFAULT; Schema: public; Owner: emdias
--

ALTER TABLE ONLY public.at_conta ALTER COLUMN id SET DEFAULT nextval('public.at_conta_id_seq'::regclass);


--
-- Name: at_data id; Type: DEFAULT; Schema: public; Owner: emdias
--

ALTER TABLE ONLY public.at_data ALTER COLUMN id SET DEFAULT nextval('public.at_data_id_seq'::regclass);


--
-- Name: at_fluxo_caixa_item id; Type: DEFAULT; Schema: public; Owner: emdias
--

ALTER TABLE ONLY public.at_fluxo_caixa_item ALTER COLUMN id SET DEFAULT nextval('public.at_fluxo_caixa_item_id_seq'::regclass);


--
-- Name: at_relatorio id; Type: DEFAULT; Schema: public; Owner: emdias
--

ALTER TABLE ONLY public.at_relatorio ALTER COLUMN id SET DEFAULT nextval('public.at_relatorio_id_seq'::regclass);


--
-- Name: at_type_movim id; Type: DEFAULT; Schema: public; Owner: emdias
--

ALTER TABLE ONLY public.at_type_movim ALTER COLUMN id SET DEFAULT nextval('public.at_type_movim_id_seq'::regclass);


--
-- Data for Name: at_conta; Type: TABLE DATA; Schema: public; Owner: emdias
--

COPY public.at_conta (id, nome_conta, ch_id_conta, tipo) FROM stdin;
1	Cartão Celete	8	Passivo
2	Cartão Itau	9	Passivo
3	Nilda	10	Passivo
4	Cartão Alimentacao	7	Ativo
5	Conta Itau	6	Ativo
6	Fisica Bradesco	5	Ativo
7	Carteira	4	Ativo
8	Jurídica Santander	1	Ativo
9	Fisica santander	3	Ativo
10	Cartão Extra	43	Passivo
\.


--
-- Data for Name: at_data; Type: TABLE DATA; Schema: public; Owner: emdias
--

COPY public.at_data (id, cv_dt, dia, mes, ano) FROM stdin;
1	2021-04-15	0	0	0
2	2021-04-09	0	0	0
3	2021-04-05	0	0	0
4	2021-04-13	0	0	0
5	2021-04-06	0	0	0
6	2021-04-30	0	0	0
7	2021-04-07	0	0	0
8	2021-04-27	0	0	0
9	2021-04-29	0	0	0
10	2021-04-12	0	0	0
11	2021-04-17	0	0	0
12	2021-04-01	0	0	0
13	2021-04-08	0	0	0
14	2021-04-28	0	0	0
15	2021-04-10	0	0	0
16	2021-04-03	0	0	0
17	2021-04-24	0	0	0
18	2021-04-11	0	0	0
22	2021-06-07	7	6	2021
23	2021-06-24	24	6	2021
24	2021-06-09	9	6	2021
25	2021-06-10	10	6	2021
26	2021-06-14	14	6	2021
27	2021-06-15	15	6	2021
28	2021-06-30	30	6	2021
29	2021-06-02	2	6	2021
30	2021-06-03	3	6	2021
31	2021-06-04	4	6	2021
32	2021-06-05	5	6	2021
33	2021-06-08	8	6	2021
34	2021-06-25	25	6	2021
35	2021-06-06	6	6	2021
36	2021-06-12	12	6	2021
37	2021-06-13	13	6	2021
38	2021-06-21	21	6	2021
39	2021-06-26	26	6	2021
40	2021-06-28	28	6	2021
41	2021-06-27	27	6	2021
\.


--
-- Data for Name: at_fluxo_caixa_item; Type: TABLE DATA; Schema: public; Owner: emdias
--

COPY public.at_fluxo_caixa_item (cv_id_natureza, descricao, id, conta) FROM stdin;
2	Receita	39	\N
3	Salário Carteira	40	\N
4	Salário Jurídica	41	\N
5	Despesas	42	\N
7	Contas a Pagar	43	\N
6	Alimentação	44	\N
8	Transporte	45	\N
9	Manutenção Casa	46	\N
10	Energia	47	\N
11	Agua	48	\N
12	Telefone	49	\N
13	Tarifa Bancária	50	\N
14	Despesas Médicas	51	\N
15	Telefone	52	\N
16	Escola	53	\N
17	Igreja	54	\N
18	Presentes e Doações	55	\N
19	Financeira	56	\N
20	Empréstimos	57	\N
22	Manutenção Mecanica	58	\N
23	licenciamento e Ipva	59	\N
24	Financiamento	60	\N
25	Despesas Trabalho	61	\N
27	Empresa	62	\N
28	Contadora	63	\N
30	Outras Receitas	64	\N
31	Diversao	65	\N
35	Transferencia Bancaria	66	\N
36	alimentacao animal	67	\N
40	viagem	68	\N
37	viagem combustivel	69	\N
38	viagem alimentação	70	\N
39	viagem hospedagem	71	\N
41	Rendimento aplicacao	72	\N
21	Roupas e perfume	73	\N
42	Juros sobre Cheque Especial	74	\N
43	Iptu	75	\N
44	Condominio	76	\N
\.


--
-- Data for Name: at_relatorio; Type: TABLE DATA; Schema: public; Owner: emdias
--

COPY public.at_relatorio (id, nome_relatorio, cv_id_projeto) FROM stdin;
1	Fluxo de Caixa	1
\.


--
-- Data for Name: at_type_movim; Type: TABLE DATA; Schema: public; Owner: emdias
--

COPY public.at_type_movim (id, descricao, cv_id) FROM stdin;
1	Previsto	\N
2	Realizado	\N
\.


--
-- Data for Name: cu_fluxo_caixa; Type: TABLE DATA; Schema: public; Owner: emdias
--

COPY public.cu_fluxo_caixa (id, id_item, id_conta, id_type, id_relatorio, valor, id_data) FROM stdin;
81	44	4	2	1	-133.599999999999994315658113919198513031005859375	28
237	49	8	2	1	-60	28
238	50	5	2	1	-30.190000000000001278976924368180334568023681640625	28
93	49	8	2	1	-60	28
94	50	5	2	1	-30.190000000000001278976924368180334568023681640625	28
253	44	4	2	1	-133.599999999999994315658113919198513031005859375	28
117	44	4	2	1	-133.599999999999994315658113919198513031005859375	28
129	49	8	2	1	-60	28
130	50	5	2	1	-30.190000000000001278976924368180334568023681640625	28
191	49	8	2	1	-60	28
192	50	5	2	1	-30.190000000000001278976924368180334568023681640625	28
207	44	4	2	1	-133.599999999999994315658113919198513031005859375	28
\.


--
-- Data for Name: databasechangelog; Type: TABLE DATA; Schema: public; Owner: emdias
--

COPY public.databasechangelog (id, author, filename, dateexecuted, orderexecuted, exectype, md5sum, description, comments, tag, liquibase, contexts, labels, deployment_id) FROM stdin;
00000000000000	jhipster	config/liquibase/changelog/00000000000000_initial_schema.xml	2021-06-26 12:43:46.358848	1	EXECUTED	8:b8c27d9dc8db18b5de87cdb8c38a416b	createSequence sequenceName=sequence_generator		\N	4.3.5	\N	\N	4722226261
00000000000001	jhipster	config/liquibase/changelog/00000000000000_initial_schema.xml	2021-06-26 12:43:46.426062	2	EXECUTED	8:d41d8cd98f00b204e9800998ecf8427e	empty		\N	4.3.5	\N	\N	4722226261
\.


--
-- Data for Name: databasechangeloglock; Type: TABLE DATA; Schema: public; Owner: emdias
--

COPY public.databasechangeloglock (id, locked, lockgranted, lockedby) FROM stdin;
1	f	\N	\N
\.


--
-- Name: at_conta_id_seq; Type: SEQUENCE SET; Schema: public; Owner: emdias
--

SELECT pg_catalog.setval('public.at_conta_id_seq', 10, true);


--
-- Name: at_data_id_seq; Type: SEQUENCE SET; Schema: public; Owner: emdias
--

SELECT pg_catalog.setval('public.at_data_id_seq', 41, true);


--
-- Name: at_fluxo_caixa_item_id_seq; Type: SEQUENCE SET; Schema: public; Owner: emdias
--

SELECT pg_catalog.setval('public.at_fluxo_caixa_item_id_seq', 76, true);


--
-- Name: at_relatorio_id_seq; Type: SEQUENCE SET; Schema: public; Owner: emdias
--

SELECT pg_catalog.setval('public.at_relatorio_id_seq', 1, true);


--
-- Name: at_type_movim_id_seq; Type: SEQUENCE SET; Schema: public; Owner: emdias
--

SELECT pg_catalog.setval('public.at_type_movim_id_seq', 1, false);


--
-- Name: cu_fluxo_caixa_id_seq; Type: SEQUENCE SET; Schema: public; Owner: emdias
--

SELECT pg_catalog.setval('public.cu_fluxo_caixa_id_seq', 298, true);


--
-- Name: sequence_generator; Type: SEQUENCE SET; Schema: public; Owner: emdias
--

SELECT pg_catalog.setval('public.sequence_generator', 1050, false);


--
-- Name: at_conta AT_CONTA_pkey; Type: CONSTRAINT; Schema: public; Owner: emdias
--

ALTER TABLE ONLY public.at_conta
    ADD CONSTRAINT "AT_CONTA_pkey" PRIMARY KEY (id);


--
-- Name: at_fluxo_caixa_item AT_FLUXO_CAIXA_ITEM_pkey; Type: CONSTRAINT; Schema: public; Owner: emdias
--

ALTER TABLE ONLY public.at_fluxo_caixa_item
    ADD CONSTRAINT "AT_FLUXO_CAIXA_ITEM_pkey" PRIMARY KEY (id);


--
-- Name: at_relatorio AT_RELATORIO_pkey; Type: CONSTRAINT; Schema: public; Owner: emdias
--

ALTER TABLE ONLY public.at_relatorio
    ADD CONSTRAINT "AT_RELATORIO_pkey" PRIMARY KEY (id);


--
-- Name: at_type_movim AT_TYPE_MOVIM_pkey; Type: CONSTRAINT; Schema: public; Owner: emdias
--

ALTER TABLE ONLY public.at_type_movim
    ADD CONSTRAINT "AT_TYPE_MOVIM_pkey" PRIMARY KEY (id);


--
-- Name: at_conta CHAVE_ID_CONTA; Type: CONSTRAINT; Schema: public; Owner: emdias
--

ALTER TABLE ONLY public.at_conta
    ADD CONSTRAINT "CHAVE_ID_CONTA" UNIQUE (ch_id_conta);


--
-- Name: cu_fluxo_caixa CU_FLUXO_CAIXA_pkey; Type: CONSTRAINT; Schema: public; Owner: emdias
--

ALTER TABLE ONLY public.cu_fluxo_caixa
    ADD CONSTRAINT "CU_FLUXO_CAIXA_pkey" PRIMARY KEY (id);


--
-- Name: at_fluxo_caixa_item CV_INDEX; Type: CONSTRAINT; Schema: public; Owner: emdias
--

ALTER TABLE ONLY public.at_fluxo_caixa_item
    ADD CONSTRAINT "CV_INDEX" UNIQUE (cv_id_natureza);


--
-- Name: at_relatorio CV_RELATORIO; Type: CONSTRAINT; Schema: public; Owner: emdias
--

ALTER TABLE ONLY public.at_relatorio
    ADD CONSTRAINT "CV_RELATORIO" UNIQUE (cv_id_projeto);


--
-- Name: at_type_movim CV_UNIQUE; Type: CONSTRAINT; Schema: public; Owner: emdias
--

ALTER TABLE ONLY public.at_type_movim
    ADD CONSTRAINT "CV_UNIQUE" UNIQUE (descricao);


--
-- Name: at_data at_data_pkey; Type: CONSTRAINT; Schema: public; Owner: emdias
--

ALTER TABLE ONLY public.at_data
    ADD CONSTRAINT at_data_pkey PRIMARY KEY (id);


--
-- Name: at_data chave_data_unica; Type: CONSTRAINT; Schema: public; Owner: emdias
--

ALTER TABLE ONLY public.at_data
    ADD CONSTRAINT chave_data_unica UNIQUE (cv_dt);


--
-- Name: databasechangeloglock databasechangeloglock_pkey; Type: CONSTRAINT; Schema: public; Owner: emdias
--

ALTER TABLE ONLY public.databasechangeloglock
    ADD CONSTRAINT databasechangeloglock_pkey PRIMARY KEY (id);


--
-- Name: cu_fluxo_caixa FK_FLUXO_1; Type: FK CONSTRAINT; Schema: public; Owner: emdias
--

ALTER TABLE ONLY public.cu_fluxo_caixa
    ADD CONSTRAINT "FK_FLUXO_1" FOREIGN KEY (id_item) REFERENCES public.at_fluxo_caixa_item(id);


--
-- Name: cu_fluxo_caixa FK_FLUXO_2; Type: FK CONSTRAINT; Schema: public; Owner: emdias
--

ALTER TABLE ONLY public.cu_fluxo_caixa
    ADD CONSTRAINT "FK_FLUXO_2" FOREIGN KEY (id_conta) REFERENCES public.at_conta(id);


--
-- Name: cu_fluxo_caixa FK_FLUXO_3; Type: FK CONSTRAINT; Schema: public; Owner: emdias
--

ALTER TABLE ONLY public.cu_fluxo_caixa
    ADD CONSTRAINT "FK_FLUXO_3" FOREIGN KEY (id_type) REFERENCES public.at_type_movim(id);


--
-- Name: cu_fluxo_caixa FK_FLUXO_4; Type: FK CONSTRAINT; Schema: public; Owner: emdias
--

ALTER TABLE ONLY public.cu_fluxo_caixa
    ADD CONSTRAINT "FK_FLUXO_4" FOREIGN KEY (id_relatorio) REFERENCES public.at_relatorio(id);


--
-- Name: cu_fluxo_caixa FK_FLUXO_CAIXA_5; Type: FK CONSTRAINT; Schema: public; Owner: emdias
--

ALTER TABLE ONLY public.cu_fluxo_caixa
    ADD CONSTRAINT "FK_FLUXO_CAIXA_5" FOREIGN KEY (id_data) REFERENCES public.at_data(id);


--
-- PostgreSQL database dump complete
--

