--
-- PostgreSQL database dump
--

-- Dumped from database version 13.1 (Debian 13.1-1.pgdg100+1)
-- Dumped by pg_dump version 13.1 (Debian 13.1-1.pgdg100+1)

SET statement_timeout = 0;
SET lock_timeout = 0;
SET idle_in_transaction_session_timeout = 0;
SET client_encoding = 'UTF8';
SET standard_conforming_strings = on;
SELECT pg_catalog.set_config('search_path', '', false);
SET check_function_bodies = false;
SET xmloption = content;
SET client_min_messages = warning;
SET row_security = off;

SET default_tablespace = '';

SET default_table_access_method = heap;

--
-- Name: AT_CONTA; Type: TABLE; Schema: public; Owner: emdias
--

CREATE TABLE public."AT_CONTA" (
    "ID" bigint NOT NULL,
    "NOME_CONTA" character varying(100) NOT NULL,
    "CH_ID_CONTA" numeric NOT NULL,
    "TIPO" character varying(50)
);


ALTER TABLE public."AT_CONTA" OWNER TO emdias;

--
-- Name: AT_CONTA_ID_seq; Type: SEQUENCE; Schema: public; Owner: emdias
--

CREATE SEQUENCE public."AT_CONTA_ID_seq"
    START WITH 1
    INCREMENT BY 1
    NO MINVALUE
    NO MAXVALUE
    CACHE 1;


ALTER TABLE public."AT_CONTA_ID_seq" OWNER TO emdias;

--
-- Name: AT_CONTA_ID_seq; Type: SEQUENCE OWNED BY; Schema: public; Owner: emdias
--

ALTER SEQUENCE public."AT_CONTA_ID_seq" OWNED BY public."AT_CONTA"."ID";


--
-- Name: at_fluxo_caixa_item; Type: TABLE; Schema: public; Owner: emdias
--

CREATE TABLE public.at_fluxo_caixa_item (
    "CV_ID_NATUREZA" numeric,
    "DESCRICAO" character varying(100) NOT NULL,
    "ID" bigint NOT NULL,
    "CONTA" character varying(50)
);


ALTER TABLE public.at_fluxo_caixa_item OWNER TO emdias;

--
-- Name: AT_FLUXO_CAIXA_ITEM_ID_seq; Type: SEQUENCE; Schema: public; Owner: emdias
--

CREATE SEQUENCE public."AT_FLUXO_CAIXA_ITEM_ID_seq"
    START WITH 1
    INCREMENT BY 1
    NO MINVALUE
    NO MAXVALUE
    CACHE 1;


ALTER TABLE public."AT_FLUXO_CAIXA_ITEM_ID_seq" OWNER TO emdias;

--
-- Name: AT_FLUXO_CAIXA_ITEM_ID_seq; Type: SEQUENCE OWNED BY; Schema: public; Owner: emdias
--

ALTER SEQUENCE public."AT_FLUXO_CAIXA_ITEM_ID_seq" OWNED BY public.at_fluxo_caixa_item."ID";


--
-- Name: AT_RELATORIO; Type: TABLE; Schema: public; Owner: emdias
--

CREATE TABLE public."AT_RELATORIO" (
    "ID" bigint NOT NULL,
    "NOME_RELATORIO" character varying(100) NOT NULL,
    "CV_ID_PROJETO" numeric NOT NULL
);


ALTER TABLE public."AT_RELATORIO" OWNER TO emdias;

--
-- Name: AT_RELATORIO_ID_seq; Type: SEQUENCE; Schema: public; Owner: emdias
--

CREATE SEQUENCE public."AT_RELATORIO_ID_seq"
    START WITH 1
    INCREMENT BY 1
    NO MINVALUE
    NO MAXVALUE
    CACHE 1;


ALTER TABLE public."AT_RELATORIO_ID_seq" OWNER TO emdias;

--
-- Name: AT_RELATORIO_ID_seq; Type: SEQUENCE OWNED BY; Schema: public; Owner: emdias
--

ALTER SEQUENCE public."AT_RELATORIO_ID_seq" OWNED BY public."AT_RELATORIO"."ID";


--
-- Name: AT_TYPE_MOVIM; Type: TABLE; Schema: public; Owner: emdias
--

CREATE TABLE public."AT_TYPE_MOVIM" (
    "ID" bigint NOT NULL,
    "DESCRICAO" character varying(10) NOT NULL
);


ALTER TABLE public."AT_TYPE_MOVIM" OWNER TO emdias;

--
-- Name: AT_TYPE_MOVIM_ID_seq; Type: SEQUENCE; Schema: public; Owner: emdias
--

CREATE SEQUENCE public."AT_TYPE_MOVIM_ID_seq"
    START WITH 1
    INCREMENT BY 1
    NO MINVALUE
    NO MAXVALUE
    CACHE 1;


ALTER TABLE public."AT_TYPE_MOVIM_ID_seq" OWNER TO emdias;

--
-- Name: AT_TYPE_MOVIM_ID_seq; Type: SEQUENCE OWNED BY; Schema: public; Owner: emdias
--

ALTER SEQUENCE public."AT_TYPE_MOVIM_ID_seq" OWNED BY public."AT_TYPE_MOVIM"."ID";


--
-- Name: CU_FLXO_CAIXA_ID_seq; Type: SEQUENCE; Schema: public; Owner: emdias
--

CREATE SEQUENCE public."CU_FLXO_CAIXA_ID_seq"
    START WITH 1
    INCREMENT BY 1
    NO MINVALUE
    NO MAXVALUE
    CACHE 1;


ALTER TABLE public."CU_FLXO_CAIXA_ID_seq" OWNER TO emdias;

--
-- Name: CU_FLUXO_CAIXA; Type: TABLE; Schema: public; Owner: emdias
--

CREATE TABLE public."CU_FLUXO_CAIXA" (
    "ID" bigint DEFAULT nextval('public."CU_FLXO_CAIXA_ID_seq"'::regclass) NOT NULL,
    "ID_ITEM" bigint NOT NULL,
    "ID_CONTA" bigint,
    "ID_TYPE" bigint NOT NULL,
    "ID_RELATORIO" bigint NOT NULL,
    "DIA" date,
    "VALOR" numeric
);


ALTER TABLE public."CU_FLUXO_CAIXA" OWNER TO emdias;

--
-- Name: AT_CONTA ID; Type: DEFAULT; Schema: public; Owner: emdias
--

ALTER TABLE ONLY public."AT_CONTA" ALTER COLUMN "ID" SET DEFAULT nextval('public."AT_CONTA_ID_seq"'::regclass);


--
-- Name: AT_RELATORIO ID; Type: DEFAULT; Schema: public; Owner: emdias
--

ALTER TABLE ONLY public."AT_RELATORIO" ALTER COLUMN "ID" SET DEFAULT nextval('public."AT_RELATORIO_ID_seq"'::regclass);


--
-- Name: AT_TYPE_MOVIM ID; Type: DEFAULT; Schema: public; Owner: emdias
--

ALTER TABLE ONLY public."AT_TYPE_MOVIM" ALTER COLUMN "ID" SET DEFAULT nextval('public."AT_TYPE_MOVIM_ID_seq"'::regclass);


--
-- Name: at_fluxo_caixa_item ID; Type: DEFAULT; Schema: public; Owner: emdias
--

ALTER TABLE ONLY public.at_fluxo_caixa_item ALTER COLUMN "ID" SET DEFAULT nextval('public."AT_FLUXO_CAIXA_ITEM_ID_seq"'::regclass);


--
-- Data for Name: AT_CONTA; Type: TABLE DATA; Schema: public; Owner: emdias
--

COPY public."AT_CONTA" ("ID", "NOME_CONTA", "CH_ID_CONTA", "TIPO") FROM stdin;
1	Cartão Celete	8	Passivo
2	Cartão Itau	9	Passivo
3	Nilda	10	Passivo
4	Cartão Alimentacao	7	Ativo
5	Conta Itau	6	Ativo
6	Fisica Bradesco	5	Ativo
7	Carteira	4	Ativo
8	Jurídica Santander	1	Ativo
9	Fisica santander	3	Ativo
10	Cartão Extra	43	Passivo
\.


--
-- Data for Name: AT_RELATORIO; Type: TABLE DATA; Schema: public; Owner: emdias
--

COPY public."AT_RELATORIO" ("ID", "NOME_RELATORIO", "CV_ID_PROJETO") FROM stdin;
1	Fluxo de Caixa	1
\.


--
-- Data for Name: AT_TYPE_MOVIM; Type: TABLE DATA; Schema: public; Owner: emdias
--

COPY public."AT_TYPE_MOVIM" ("ID", "DESCRICAO") FROM stdin;
1	Previsto
2	Realizado
\.


--
-- Data for Name: CU_FLUXO_CAIXA; Type: TABLE DATA; Schema: public; Owner: emdias
--

COPY public."CU_FLUXO_CAIXA" ("ID", "ID_ITEM", "ID_CONTA", "ID_TYPE", "ID_RELATORIO", "DIA", "VALOR") FROM stdin;
2	44	8	2	1	2021-05-02	-45.00
3	51	8	2	1	2021-05-01	-8.00
4	44	4	2	1	2021-05-01	-94.49
5	44	4	2	1	2021-05-02	-66.34
6	45	10	2	1	2021-05-01	-223.32
9	40	\N	1	1	\N	0
10	40	\N	1	1	\N	0
11	40	\N	1	1	\N	0
12	41	\N	1	1	\N	0
13	43	\N	1	1	\N	0
14	43	\N	1	1	\N	0
15	43	\N	1	1	\N	0
16	43	\N	1	1	\N	0
17	44	\N	1	1	2021-05-02	NaN
18	44	\N	1	1	\N	0
19	44	\N	1	1	\N	0
20	44	\N	1	1	\N	0
21	44	\N	1	1	\N	0
22	44	\N	1	1	\N	0
23	44	\N	1	1	\N	0
24	44	\N	1	1	\N	0
25	44	\N	1	1	\N	0
26	44	\N	1	1	\N	0
27	44	\N	1	1	\N	0
28	44	\N	1	1	\N	0
29	44	\N	1	1	\N	0
30	44	\N	1	1	\N	0
31	45	\N	1	1	2021-05-01	NaN
32	45	\N	1	1	\N	0
33	46	\N	1	1	\N	0
34	47	\N	1	1	\N	0
35	50	\N	1	1	\N	0
36	50	\N	1	1	\N	0
37	50	\N	1	1	\N	0
38	50	\N	1	1	\N	0
39	51	\N	1	1	2021-05-01	NaN
40	51	\N	1	1	\N	0
41	52	\N	1	1	\N	0
42	53	\N	1	1	\N	0
43	54	\N	1	1	\N	0
44	54	\N	1	1	\N	0
45	60	\N	1	1	\N	0
46	64	\N	1	1	\N	0
47	65	\N	1	1	\N	0
48	66	\N	1	1	\N	0
49	66	\N	1	1	\N	0
50	66	\N	1	1	\N	0
51	66	\N	1	1	\N	0
52	67	\N	1	1	\N	0
53	74	\N	1	1	\N	0
54	75	\N	1	1	\N	0
55	76	\N	1	1	\N	0
\.


--
-- Data for Name: at_fluxo_caixa_item; Type: TABLE DATA; Schema: public; Owner: emdias
--

COPY public.at_fluxo_caixa_item ("CV_ID_NATUREZA", "DESCRICAO", "ID", "CONTA") FROM stdin;
2	Receita	39	\N
3	Salário Carteira	40	\N
4	Salário Jurídica	41	\N
5	Despesas	42	\N
7	Contas a Pagar	43	\N
6	Alimentação	44	\N
8	Transporte	45	\N
9	Manutenção Casa	46	\N
10	Energia	47	\N
11	Agua	48	\N
12	Telefone	49	\N
13	Tarifa Bancária	50	\N
14	Despesas Médicas	51	\N
15	Telefone	52	\N
16	Escola	53	\N
17	Igreja	54	\N
18	Presentes e Doações	55	\N
19	Financeira	56	\N
20	Empréstimos	57	\N
22	Manutenção Mecanica	58	\N
23	licenciamento e Ipva	59	\N
24	Financiamento	60	\N
25	Despesas Trabalho	61	\N
27	Empresa	62	\N
28	Contadora	63	\N
30	Outras Receitas	64	\N
31	Diversao	65	\N
35	Transferencia Bancaria	66	\N
36	alimentacao animal	67	\N
40	viagem	68	\N
37	viagem combustivel	69	\N
38	viagem alimentação	70	\N
39	viagem hospedagem	71	\N
41	Rendimento aplicacao	72	\N
21	Roupas e perfume	73	\N
42	Juros sobre Cheque Especial	74	\N
43	Iptu	75	\N
44	Condominio	76	\N
\.


--
-- Name: AT_CONTA_ID_seq; Type: SEQUENCE SET; Schema: public; Owner: emdias
--

SELECT pg_catalog.setval('public."AT_CONTA_ID_seq"', 10, true);


--
-- Name: AT_FLUXO_CAIXA_ITEM_ID_seq; Type: SEQUENCE SET; Schema: public; Owner: emdias
--

SELECT pg_catalog.setval('public."AT_FLUXO_CAIXA_ITEM_ID_seq"', 76, true);


--
-- Name: AT_RELATORIO_ID_seq; Type: SEQUENCE SET; Schema: public; Owner: emdias
--

SELECT pg_catalog.setval('public."AT_RELATORIO_ID_seq"', 1, true);


--
-- Name: AT_TYPE_MOVIM_ID_seq; Type: SEQUENCE SET; Schema: public; Owner: emdias
--

SELECT pg_catalog.setval('public."AT_TYPE_MOVIM_ID_seq"', 1, false);


--
-- Name: CU_FLXO_CAIXA_ID_seq; Type: SEQUENCE SET; Schema: public; Owner: emdias
--

SELECT pg_catalog.setval('public."CU_FLXO_CAIXA_ID_seq"', 71, true);


--
-- Name: AT_CONTA AT_CONTA_pkey; Type: CONSTRAINT; Schema: public; Owner: emdias
--

ALTER TABLE ONLY public."AT_CONTA"
    ADD CONSTRAINT "AT_CONTA_pkey" PRIMARY KEY ("ID");


--
-- Name: at_fluxo_caixa_item AT_FLUXO_CAIXA_ITEM_pkey; Type: CONSTRAINT; Schema: public; Owner: emdias
--

ALTER TABLE ONLY public.at_fluxo_caixa_item
    ADD CONSTRAINT "AT_FLUXO_CAIXA_ITEM_pkey" PRIMARY KEY ("ID");


--
-- Name: AT_RELATORIO AT_RELATORIO_pkey; Type: CONSTRAINT; Schema: public; Owner: emdias
--

ALTER TABLE ONLY public."AT_RELATORIO"
    ADD CONSTRAINT "AT_RELATORIO_pkey" PRIMARY KEY ("ID");


--
-- Name: AT_TYPE_MOVIM AT_TYPE_MOVIM_pkey; Type: CONSTRAINT; Schema: public; Owner: emdias
--

ALTER TABLE ONLY public."AT_TYPE_MOVIM"
    ADD CONSTRAINT "AT_TYPE_MOVIM_pkey" PRIMARY KEY ("ID");


--
-- Name: AT_CONTA CHAVE_ID_CONTA; Type: CONSTRAINT; Schema: public; Owner: emdias
--

ALTER TABLE ONLY public."AT_CONTA"
    ADD CONSTRAINT "CHAVE_ID_CONTA" UNIQUE ("CH_ID_CONTA");


--
-- Name: CU_FLUXO_CAIXA CU_FLUXO_CAIXA_pkey; Type: CONSTRAINT; Schema: public; Owner: emdias
--

ALTER TABLE ONLY public."CU_FLUXO_CAIXA"
    ADD CONSTRAINT "CU_FLUXO_CAIXA_pkey" PRIMARY KEY ("ID");


--
-- Name: at_fluxo_caixa_item CV_INDEX; Type: CONSTRAINT; Schema: public; Owner: emdias
--

ALTER TABLE ONLY public.at_fluxo_caixa_item
    ADD CONSTRAINT "CV_INDEX" UNIQUE ("CV_ID_NATUREZA");


--
-- Name: AT_RELATORIO CV_RELATORIO; Type: CONSTRAINT; Schema: public; Owner: emdias
--

ALTER TABLE ONLY public."AT_RELATORIO"
    ADD CONSTRAINT "CV_RELATORIO" UNIQUE ("CV_ID_PROJETO");


--
-- Name: AT_TYPE_MOVIM CV_UNIQUE; Type: CONSTRAINT; Schema: public; Owner: emdias
--

ALTER TABLE ONLY public."AT_TYPE_MOVIM"
    ADD CONSTRAINT "CV_UNIQUE" UNIQUE ("DESCRICAO");


--
-- Name: CU_FLUXO_CAIXA FK_FLUXO_1; Type: FK CONSTRAINT; Schema: public; Owner: emdias
--

ALTER TABLE ONLY public."CU_FLUXO_CAIXA"
    ADD CONSTRAINT "FK_FLUXO_1" FOREIGN KEY ("ID_ITEM") REFERENCES public.at_fluxo_caixa_item("ID");


--
-- Name: CU_FLUXO_CAIXA FK_FLUXO_2; Type: FK CONSTRAINT; Schema: public; Owner: emdias
--

ALTER TABLE ONLY public."CU_FLUXO_CAIXA"
    ADD CONSTRAINT "FK_FLUXO_2" FOREIGN KEY ("ID_CONTA") REFERENCES public."AT_CONTA"("ID");


--
-- Name: CU_FLUXO_CAIXA FK_FLUXO_3; Type: FK CONSTRAINT; Schema: public; Owner: emdias
--

ALTER TABLE ONLY public."CU_FLUXO_CAIXA"
    ADD CONSTRAINT "FK_FLUXO_3" FOREIGN KEY ("ID_TYPE") REFERENCES public."AT_TYPE_MOVIM"("ID");


--
-- Name: CU_FLUXO_CAIXA FK_FLUXO_4; Type: FK CONSTRAINT; Schema: public; Owner: emdias
--

ALTER TABLE ONLY public."CU_FLUXO_CAIXA"
    ADD CONSTRAINT "FK_FLUXO_4" FOREIGN KEY ("ID_RELATORIO") REFERENCES public."AT_RELATORIO"("ID");


--
-- PostgreSQL database dump complete
--

